Source_DB_ID	Gene_Name	Variant_AA_Change	Cytogenetic_Band	Chromosome_Coordinate	Ensembl_gene_ID	Ensembl_transcript_ID	Ensembl_translation_ID
rs587777739	FEZF1	p.His278Tyr	7q31.32	NC_000007.14:g.122303281G>A	ENSG00000128610	ENST00000442488	ENSP00000411145
rs267607046	SH3PXD2B	p.Arg43Trp	5q35.1	NC_000005.10:g.172422445G>A	ENSG00000174705	ENST00000311601	ENSP00000309714
rs587777269	HFM1	p.Gly736Ser	1p22.2	NC_000001.11:g.91350738C>T	ENSG00000162669	ENST00000370425	ENSP00000359454
rs587777268	HFM1	p.Ile884Ser	1p22.2	NC_000001.11:g.91319322A>C	ENSG00000162669	ENST00000370425	ENSP00000359454
rs368196005	NBAS	p.Leu903Arg	2p24.3	NC_000002.12:g.15417582A>C	ENSG00000151779	ENST00000281513	ENSP00000281513
rs140841721	NBAS	p.Ile984Ser	2p24.3	NC_000002.12:g.15402288A>C	ENSG00000151779	ENST00000281513	ENSP00000281513
rs796052121	NBAS	p.Leu1055Pro	2p24.3	NC_000002.12:g.15394320A>G	ENSG00000151779	ENST00000281513	ENSP00000281513
rs369698072	NBAS	p.Arg1914His	2p24.3	NC_000002.12:g.15238670C>T	ENSG00000151779	ENST00000281513	ENSP00000281513
rs587777797	ISPD	p.Gly54Ala	7p21.2	NC_000007.14:g.16421162C>G	ENSG00000214960	ENST00000407010	ENSP00000385478
rs387907162	ISPD	p.Ala122Pro	7p21.2	NC_000007.14:g.16406231C>G	ENSG00000214960	ENST00000407010	ENSP00000385478
